id,name,formula,molecular_weight,hazard
1,Chemical 1,C1H2O,30.03,Non-Hazardous
2,Chemical 2,C2H4O,44.05,Non-Hazardous
3,Chemical 3,C3H6O,58.08,Flammable
4,Chemical 4,C4H8O,72.1,Non-Hazardous
5,Chemical 5,C5H10O,86.13,Non-Hazardous
6,Chemical 6,C6H12O,100.16,Flammable
7,Chemical 7,C7H14O,114.18,Non-Hazardous
8,Chemical 8,C8H16O,128.21,Non-Hazardous
9,Chemical 9,C9H18O,142.23,Flammable
10,Chemical 10,C10H20O,156.26,Non-Hazardous
11,Chemical 11,C11H22O,170.29,Non-Hazardous
12,Chemical 12,C12H24O,184.31,Flammable
13,Chemical 13,C13H26O,198.34,Non-Hazardous
14,Chemical 14,C14H28O,212.36,Non-Hazardous
15,Chemical 15,C15H30O,226.39,Flammable
16,Chemical 16,C16H32O,240.42,Non-Hazardous
17,Chemical 17,C17H34O,254.44,Non-Hazardous
18,Chemical 18,C18H36O,268.47,Flammable
19,Chemical 19,C19H38O,282.49,Non-Hazardous
20,Chemical 20,C20H40O,296.52,Non-Hazardous
21,Chemical 21,C21H42O,310.55,Flammable
22,Chemical 22,C22H44O,324.57,Non-Hazardous
23,Chemical 23,C23H46O,338.6,Non-Hazardous
24,Chemical 24,C24H48O,352.62,Flammable
25,Chemical 25,C25H50O,366.65,Non-Hazardous
26,Chemical 26,C26H52O,380.68,Non-Hazardous
27,Chemical 27,C27H54O,394.7,Flammable
28,Chemical 28,C28H56O,408.73,Non-Hazardous
29,Chemical 29,C29H58O,422.75,Non-Hazardous
30,Chemical 30,C30H60O,436.78,Flammable
31,Chemical 31,C31H62O,450.81,Non-Hazardous
32,Chemical 32,C32H64O,464.83,Non-Hazardous
33,Chemical 33,C33H66O,478.86,Flammable
34,Chemical 34,C34H68O,492.88,Non-Hazardous
35,Chemical 35,C35H70O,506.91,Non-Hazardous
36,Chemical 36,C36H72O,520.94,Flammable
37,Chemical 37,C37H74O,534.96,Non-Hazardous
38,Chemical 38,C38H76O,548.99,Non-Hazardous
39,Chemical 39,C39H78O,563.01,Flammable
40,Chemical 40,C40H80O,577.04,Non-Hazardous
41,Chemical 41,C41H82O,591.07,Non-Hazardous
42,Chemical 42,C42H84O,605.09,Flammable
43,Chemical 43,C43H86O,619.12,Non-Hazardous
44,Chemical 44,C44H88O,633.14,Non-Hazardous
45,Chemical 45,C45H90O,647.17,Flammable
46,Chemical 46,C46H92O,661.2,Non-Hazardous
47,Chemical 47,C47H94O,675.22,Non-Hazardous
48,Chemical 48,C48H96O,689.25,Flammable
49,Chemical 49,C49H98O,703.27,Non-Hazardous
50,Chemical 50,C50H100O,717.3,Non-Hazardous
51,Chemical 51,C51H102O,731.33,Flammable
52,Chemical 52,C52H104O,745.35,Non-Hazardous
53,Chemical 53,C53H106O,759.38,Non-Hazardous
54,Chemical 54,C54H108O,773.4,Flammable
55,Chemical 55,C55H110O,787.43,Non-Hazardous
56,Chemical 56,C56H112O,801.46,Non-Hazardous
57,Chemical 57,C57H114O,815.48,Flammable
58,Chemical 58,C58H116O,829.51,Non-Hazardous
59,Chemical 59,C59H118O,843.53,Non-Hazardous
60,Chemical 60,C60H120O,857.56,Flammable
61,Chemical 61,C61H122O,871.59,Non-Hazardous
62,Chemical 62,C62H124O,885.61,Non-Hazardous
63,Chemical 63,C63H126O,899.64,Flammable
64,Chemical 64,C64H128O,913.66,Non-Hazardous
65,Chemical 65,C65H130O,927.69,Non-Hazardous
66,Chemical 66,C66H132O,941.72,Flammable
67,Chemical 67,C67H134O,955.74,Non-Hazardous
68,Chemical 68,C68H136O,969.77,Non-Hazardous
69,Chemical 69,C69H138O,983.79,Flammable
70,Chemical 70,C70H140O,997.82,Non-Hazardous
71,Chemical 71,C71H142O,1011.85,Non-Hazardous
72,Chemical 72,C72H144O,1025.87,Flammable
73,Chemical 73,C73H146O,1039.9,Non-Hazardous
74,Chemical 74,C74H148O,1053.92,Non-Hazardous
75,Chemical 75,C75H150O,1067.95,Flammable
76,Chemical 76,C76H152O,1081.98,Non-Hazardous
77,Chemical 77,C77H154O,1096.0,Non-Hazardous
78,Chemical 78,C78H156O,1110.03,Flammable
79,Chemical 79,C79H158O,1124.05,Non-Hazardous
80,Chemical 80,C80H160O,1138.08,Non-Hazardous
81,Chemical 81,C81H162O,1152.11,Flammable
82,Chemical 82,C82H164O,1166.13,Non-Hazardous
83,Chemical 83,C83H166O,1180.16,Non-Hazardous
84,Chemical 84,C84H168O,1194.18,Flammable
85,Chemical 85,C85H170O,1208.21,Non-Hazardous
86,Chemical 86,C86H172O,1222.24,Non-Hazardous
87,Chemical 87,C87H174O,1236.26,Flammable
88,Chemical 88,C88H176O,1250.29,Non-Hazardous
89,Chemical 89,C89H178O,1264.31,Non-Hazardous
90,Chemical 90,C90H180O,1278.34,Flammable
91,Chemical 91,C91H182O,1292.37,Non-Hazardous
92,Chemical 92,C92H184O,1306.39,Non-Hazardous
93,Chemical 93,C93H186O,1320.42,Flammable
94,Chemical 94,C94H188O,1334.44,Non-Hazardous
95,Chemical 95,C95H190O,1348.47,Non-Hazardous
96,Chemical 96,C96H192O,1362.5,Flammable
97,Chemical 97,C97H194O,1376.52,Non-Hazardous
98,Chemical 98,C98H196O,1390.55,Non-Hazardous
99,Chemical 99,C99H198O,1404.57,Flammable
100,Chemical 100,C100H200O,1418.6,Non-Hazardous
101,Chemical 101,C101H202O,1432.63,Non-Hazardous
102,Chemical 102,C102H204O,1446.65,Flammable
103,Chemical 103,C103H206O,1460.68,Non-Hazardous
104,Chemical 104,C104H208O,1474.7,Non-Hazardous
105,Chemical 105,C105H210O,1488.73,Flammable
106,Chemical 106,C106H212O,1502.76,Non-Hazardous
107,Chemical 107,C107H214O,1516.78,Non-Hazardous
108,Chemical 108,C108H216O,1530.81,Flammable
109,Chemical 109,C109H218O,1544.83,Non-Hazardous
110,Chemical 110,C110H220O,1558.86,Non-Hazardous
111,Chemical 111,C111H222O,1572.89,Flammable
112,Chemical 112,C112H224O,1586.91,Non-Hazardous
113,Chemical 113,C113H226O,1600.94,Non-Hazardous
114,Chemical 114,C114H228O,1614.96,Flammable
115,Chemical 115,C115H230O,1628.99,Non-Hazardous
116,Chemical 116,C116H232O,1643.02,Non-Hazardous
117,Chemical 117,C117H234O,1657.04,Flammable
118,Chemical 118,C118H236O,1671.07,Non-Hazardous
119,Chemical 119,C119H238O,1685.09,Non-Hazardous
120,Chemical 120,C120H240O,1699.12,Flammable
121,Chemical 121,C121H242O,1713.15,Non-Hazardous
122,Chemical 122,C122H244O,1727.17,Non-Hazardous
123,Chemical 123,C123H246O,1741.2,Flammable
124,Chemical 124,C124H248O,1755.22,Non-Hazardous
125,Chemical 125,C125H250O,1769.25,Non-Hazardous
126,Chemical 126,C126H252O,1783.28,Flammable
127,Chemical 127,C127H254O,1797.3,Non-Hazardous
128,Chemical 128,C128H256O,1811.33,Non-Hazardous
129,Chemical 129,C129H258O,1825.35,Flammable
130,Chemical 130,C130H260O,1839.38,Non-Hazardous
131,Chemical 131,C131H262O,1853.41,Non-Hazardous
132,Chemical 132,C132H264O,1867.43,Flammable
133,Chemical 133,C133H266O,1881.46,Non-Hazardous
134,Chemical 134,C134H268O,1895.48,Non-Hazardous
135,Chemical 135,C135H270O,1909.51,Flammable
136,Chemical 136,C136H272O,1923.54,Non-Hazardous
137,Chemical 137,C137H274O,1937.56,Non-Hazardous
138,Chemical 138,C138H276O,1951.59,Flammable
139,Chemical 139,C139H278O,1965.61,Non-Hazardous
140,Chemical 140,C140H280O,1979.64,Non-Hazardous
141,Chemical 141,C141H282O,1993.67,Flammable
142,Chemical 142,C142H284O,2007.69,Non-Hazardous
143,Chemical 143,C143H286O,2021.72,Non-Hazardous
144,Chemical 144,C144H288O,2035.74,Flammable
145,Chemical 145,C145H290O,2049.77,Non-Hazardous
146,Chemical 146,C146H292O,2063.8,Non-Hazardous
147,Chemical 147,C147H294O,2077.82,Flammable
148,Chemical 148,C148H296O,2091.85,Non-Hazardous
149,Chemical 149,C149H298O,2105.87,Non-Hazardous
150,Chemical 150,C150H300O,2119.9,Flammable
151,Chemical 151,C151H302O,2133.93,Non-Hazardous
152,Chemical 152,C152H304O,2147.95,Non-Hazardous
153,Chemical 153,C153H306O,2161.98,Flammable
154,Chemical 154,C154H308O,2176.0,Non-Hazardous
155,Chemical 155,C155H310O,2190.03,Non-Hazardous
156,Chemical 156,C156H312O,2204.06,Flammable
157,Chemical 157,C157H314O,2218.08,Non-Hazardous
158,Chemical 158,C158H316O,2232.11,Non-Hazardous
159,Chemical 159,C159H318O,2246.13,Flammable
160,Chemical 160,C160H320O,2260.16,Non-Hazardous
161,Chemical 161,C161H322O,2274.19,Non-Hazardous
162,Chemical 162,C162H324O,2288.21,Flammable
163,Chemical 163,C163H326O,2302.24,Non-Hazardous
164,Chemical 164,C164H328O,2316.26,Non-Hazardous
165,Chemical 165,C165H330O,2330.29,Flammable
166,Chemical 166,C166H332O,2344.32,Non-Hazardous
167,Chemical 167,C167H334O,2358.34,Non-Hazardous
168,Chemical 168,C168H336O,2372.37,Flammable
169,Chemical 169,C169H338O,2386.39,Non-Hazardous
170,Chemical 170,C170H340O,2400.42,Non-Hazardous
171,Chemical 171,C171H342O,2414.45,Flammable
172,Chemical 172,C172H344O,2428.47,Non-Hazardous
173,Chemical 173,C173H346O,2442.5,Non-Hazardous
174,Chemical 174,C174H348O,2456.52,Flammable
175,Chemical 175,C175H350O,2470.55,Non-Hazardous
176,Chemical 176,C176H352O,2484.58,Non-Hazardous
177,Chemical 177,C177H354O,2498.6,Flammable
178,Chemical 178,C178H356O,2512.63,Non-Hazardous
179,Chemical 179,C179H358O,2526.65,Non-Hazardous
180,Chemical 180,C180H360O,2540.68,Flammable
181,Chemical 181,C181H362O,2554.71,Non-Hazardous
182,Chemical 182,C182H364O,2568.73,Non-Hazardous
183,Chemical 183,C183H366O,2582.76,Flammable
184,Chemical 184,C184H368O,2596.78,Non-Hazardous
185,Chemical 185,C185H370O,2610.81,Non-Hazardous
186,Chemical 186,C186H372O,2624.84,Flammable
187,Chemical 187,C187H374O,2638.86,Non-Hazardous
188,Chemical 188,C188H376O,2652.89,Non-Hazardous
189,Chemical 189,C189H378O,2666.91,Flammable
190,Chemical 190,C190H380O,2680.94,Non-Hazardous
191,Chemical 191,C191H382O,2694.97,Non-Hazardous
192,Chemical 192,C192H384O,2708.99,Flammable
193,Chemical 193,C193H386O,2723.02,Non-Hazardous
194,Chemical 194,C194H388O,2737.04,Non-Hazardous
195,Chemical 195,C195H390O,2751.07,Flammable
196,Chemical 196,C196H392O,2765.1,Non-Hazardous
197,Chemical 197,C197H394O,2779.12,Non-Hazardous
198,Chemical 198,C198H396O,2793.15,Flammable
199,Chemical 199,C199H398O,2807.17,Non-Hazardous
200,Chemical 200,C200H400O,2821.2,Non-Hazardous
201,Chemical 201,C201H402O,2835.23,Flammable
202,Chemical 202,C202H404O,2849.25,Non-Hazardous
203,Chemical 203,C203H406O,2863.28,Non-Hazardous
204,Chemical 204,C204H408O,2877.3,Flammable
205,Chemical 205,C205H410O,2891.33,Non-Hazardous
206,Chemical 206,C206H412O,2905.36,Non-Hazardous
207,Chemical 207,C207H414O,2919.38,Flammable
208,Chemical 208,C208H416O,2933.41,Non-Hazardous
209,Chemical 209,C209H418O,2947.43,Non-Hazardous
210,Chemical 210,C210H420O,2961.46,Flammable
211,Chemical 211,C211H422O,2975.49,Non-Hazardous
212,Chemical 212,C212H424O,2989.51,Non-Hazardous
213,Chemical 213,C213H426O,3003.54,Flammable
214,Chemical 214,C214H428O,3017.56,Non-Hazardous
215,Chemical 215,C215H430O,3031.59,Non-Hazardous
216,Chemical 216,C216H432O,3045.62,Flammable
217,Chemical 217,C217H434O,3059.64,Non-Hazardous
218,Chemical 218,C218H436O,3073.67,Non-Hazardous
219,Chemical 219,C219H438O,3087.69,Flammable
220,Chemical 220,C220H440O,3101.72,Non-Hazardous
221,Chemical 221,C221H442O,3115.75,Non-Hazardous
222,Chemical 222,C222H444O,3129.77,Flammable
223,Chemical 223,C223H446O,3143.8,Non-Hazardous
224,Chemical 224,C224H448O,3157.82,Non-Hazardous
225,Chemical 225,C225H450O,3171.85,Flammable
226,Chemical 226,C226H452O,3185.88,Non-Hazardous
227,Chemical 227,C227H454O,3199.9,Non-Hazardous
228,Chemical 228,C228H456O,3213.93,Flammable
229,Chemical 229,C229H458O,3227.95,Non-Hazardous
230,Chemical 230,C230H460O,3241.98,Non-Hazardous
231,Chemical 231,C231H462O,3256.01,Flammable
232,Chemical 232,C232H464O,3270.03,Non-Hazardous
233,Chemical 233,C233H466O,3284.06,Non-Hazardous
234,Chemical 234,C234H468O,3298.08,Flammable
235,Chemical 235,C235H470O,3312.11,Non-Hazardous
236,Chemical 236,C236H472O,3326.14,Non-Hazardous
237,Chemical 237,C237H474O,3340.16,Flammable
238,Chemical 238,C238H476O,3354.19,Non-Hazardous
239,Chemical 239,C239H478O,3368.21,Non-Hazardous
240,Chemical 240,C240H480O,3382.24,Flammable
241,Chemical 241,C241H482O,3396.27,Non-Hazardous
242,Chemical 242,C242H484O,3410.29,Non-Hazardous
243,Chemical 243,C243H486O,3424.32,Flammable
244,Chemical 244,C244H488O,3438.34,Non-Hazardous
245,Chemical 245,C245H490O,3452.37,Non-Hazardous
246,Chemical 246,C246H492O,3466.4,Flammable
247,Chemical 247,C247H494O,3480.42,Non-Hazardous
248,Chemical 248,C248H496O,3494.45,Non-Hazardous
249,Chemical 249,C249H498O,3508.47,Flammable
250,Chemical 250,C250H500O,3522.5,Non-Hazardous
251,Chemical 251,C251H502O,3536.53,Non-Hazardous
252,Chemical 252,C252H504O,3550.55,Flammable
253,Chemical 253,C253H506O,3564.58,Non-Hazardous
254,Chemical 254,C254H508O,3578.6,Non-Hazardous
255,Chemical 255,C255H510O,3592.63,Flammable
256,Chemical 256,C256H512O,3606.66,Non-Hazardous
257,Chemical 257,C257H514O,3620.68,Non-Hazardous
258,Chemical 258,C258H516O,3634.71,Flammable
259,Chemical 259,C259H518O,3648.73,Non-Hazardous
260,Chemical 260,C260H520O,3662.76,Non-Hazardous
261,Chemical 261,C261H522O,3676.79,Flammable
262,Chemical 262,C262H524O,3690.81,Non-Hazardous
263,Chemical 263,C263H526O,3704.84,Non-Hazardous
264,Chemical 264,C264H528O,3718.86,Flammable
265,Chemical 265,C265H530O,3732.89,Non-Hazardous
266,Chemical 266,C266H532O,3746.92,Non-Hazardous
267,Chemical 267,C267H534O,3760.94,Flammable
268,Chemical 268,C268H536O,3774.97,Non-Hazardous
269,Chemical 269,C269H538O,3788.99,Non-Hazardous
270,Chemical 270,C270H540O,3803.02,Flammable
271,Chemical 271,C271H542O,3817.05,Non-Hazardous
272,Chemical 272,C272H544O,3831.07,Non-Hazardous
273,Chemical 273,C273H546O,3845.1,Flammable
274,Chemical 274,C274H548O,3859.12,Non-Hazardous
275,Chemical 275,C275H550O,3873.15,Non-Hazardous
276,Chemical 276,C276H552O,3887.18,Flammable
277,Chemical 277,C277H554O,3901.2,Non-Hazardous
278,Chemical 278,C278H556O,3915.23,Non-Hazardous
279,Chemical 279,C279H558O,3929.25,Flammable
280,Chemical 280,C280H560O,3943.28,Non-Hazardous
281,Chemical 281,C281H562O,3957.31,Non-Hazardous
282,Chemical 282,C282H564O,3971.33,Flammable
283,Chemical 283,C283H566O,3985.36,Non-Hazardous
284,Chemical 284,C284H568O,3999.38,Non-Hazardous
285,Chemical 285,C285H570O,4013.41,Flammable
286,Chemical 286,C286H572O,4027.44,Non-Hazardous
287,Chemical 287,C287H574O,4041.46,Non-Hazardous
288,Chemical 288,C288H576O,4055.49,Flammable
289,Chemical 289,C289H578O,4069.51,Non-Hazardous
290,Chemical 290,C290H580O,4083.54,Non-Hazardous
291,Chemical 291,C291H582O,4097.57,Flammable
292,Chemical 292,C292H584O,4111.59,Non-Hazardous
293,Chemical 293,C293H586O,4125.62,Non-Hazardous
294,Chemical 294,C294H588O,4139.64,Flammable
295,Chemical 295,C295H590O,4153.67,Non-Hazardous
296,Chemical 296,C296H592O,4167.7,Non-Hazardous
297,Chemical 297,C297H594O,4181.72,Flammable
298,Chemical 298,C298H596O,4195.75,Non-Hazardous
299,Chemical 299,C299H598O,4209.77,Non-Hazardous
300,Chemical 300,C300H600O,4223.8,Flammable
301,Chemical 301,C301H602O,4237.83,Non-Hazardous
302,Chemical 302,C302H604O,4251.85,Non-Hazardous
303,Chemical 303,C303H606O,4265.88,Flammable
304,Chemical 304,C304H608O,4279.9,Non-Hazardous
305,Chemical 305,C305H610O,4293.93,Non-Hazardous
306,Chemical 306,C306H612O,4307.96,Flammable
307,Chemical 307,C307H614O,4321.98,Non-Hazardous
308,Chemical 308,C308H616O,4336.01,Non-Hazardous
309,Chemical 309,C309H618O,4350.03,Flammable
310,Chemical 310,C310H620O,4364.06,Non-Hazardous
311,Chemical 311,C311H622O,4378.09,Non-Hazardous
312,Chemical 312,C312H624O,4392.11,Flammable
313,Chemical 313,C313H626O,4406.14,Non-Hazardous
314,Chemical 314,C314H628O,4420.16,Non-Hazardous
315,Chemical 315,C315H630O,4434.19,Flammable
316,Chemical 316,C316H632O,4448.22,Non-Hazardous
317,Chemical 317,C317H634O,4462.24,Non-Hazardous
318,Chemical 318,C318H636O,4476.27,Flammable
319,Chemical 319,C319H638O,4490.29,Non-Hazardous
320,Chemical 320,C320H640O,4504.32,Non-Hazardous
321,Chemical 321,C321H642O,4518.35,Flammable
322,Chemical 322,C322H644O,4532.37,Non-Hazardous
323,Chemical 323,C323H646O,4546.4,Non-Hazardous
324,Chemical 324,C324H648O,4560.42,Flammable
325,Chemical 325,C325H650O,4574.45,Non-Hazardous
326,Chemical 326,C326H652O,4588.48,Non-Hazardous
327,Chemical 327,C327H654O,4602.5,Flammable
328,Chemical 328,C328H656O,4616.53,Non-Hazardous
329,Chemical 329,C329H658O,4630.55,Non-Hazardous
330,Chemical 330,C330H660O,4644.58,Flammable
331,Chemical 331,C331H662O,4658.61,Non-Hazardous
332,Chemical 332,C332H664O,4672.63,Non-Hazardous
333,Chemical 333,C333H666O,4686.66,Flammable
334,Chemical 334,C334H668O,4700.68,Non-Hazardous
335,Chemical 335,C335H670O,4714.71,Non-Hazardous
336,Chemical 336,C336H672O,4728.74,Flammable
337,Chemical 337,C337H674O,4742.76,Non-Hazardous
338,Chemical 338,C338H676O,4756.79,Non-Hazardous
339,Chemical 339,C339H678O,4770.81,Flammable
340,Chemical 340,C340H680O,4784.84,Non-Hazardous
341,Chemical 341,C341H682O,4798.87,Non-Hazardous
342,Chemical 342,C342H684O,4812.89,Flammable
343,Chemical 343,C343H686O,4826.92,Non-Hazardous
344,Chemical 344,C344H688O,4840.94,Non-Hazardous
345,Chemical 345,C345H690O,4854.97,Flammable
346,Chemical 346,C346H692O,4869.0,Non-Hazardous
347,Chemical 347,C347H694O,4883.02,Non-Hazardous
348,Chemical 348,C348H696O,4897.05,Flammable
349,Chemical 349,C349H698O,4911.07,Non-Hazardous
350,Chemical 350,C350H700O,4925.1,Non-Hazardous
351,Chemical 351,C351H702O,4939.13,Flammable
352,Chemical 352,C352H704O,4953.15,Non-Hazardous
353,Chemical 353,C353H706O,4967.18,Non-Hazardous
354,Chemical 354,C354H708O,4981.2,Flammable
355,Chemical 355,C355H710O,4995.23,Non-Hazardous
356,Chemical 356,C356H712O,5009.26,Non-Hazardous
357,Chemical 357,C357H714O,5023.28,Flammable
358,Chemical 358,C358H716O,5037.31,Non-Hazardous
359,Chemical 359,C359H718O,5051.33,Non-Hazardous
360,Chemical 360,C360H720O,5065.36,Flammable
361,Chemical 361,C361H722O,5079.39,Non-Hazardous
362,Chemical 362,C362H724O,5093.41,Non-Hazardous
363,Chemical 363,C363H726O,5107.44,Flammable
364,Chemical 364,C364H728O,5121.46,Non-Hazardous
365,Chemical 365,C365H730O,5135.49,Non-Hazardous
366,Chemical 366,C366H732O,5149.52,Flammable
367,Chemical 367,C367H734O,5163.54,Non-Hazardous
368,Chemical 368,C368H736O,5177.57,Non-Hazardous
369,Chemical 369,C369H738O,5191.59,Flammable
370,Chemical 370,C370H740O,5205.62,Non-Hazardous
371,Chemical 371,C371H742O,5219.65,Non-Hazardous
372,Chemical 372,C372H744O,5233.67,Flammable
373,Chemical 373,C373H746O,5247.7,Non-Hazardous
374,Chemical 374,C374H748O,5261.72,Non-Hazardous
375,Chemical 375,C375H750O,5275.75,Flammable
376,Chemical 376,C376H752O,5289.78,Non-Hazardous
377,Chemical 377,C377H754O,5303.8,Non-Hazardous
378,Chemical 378,C378H756O,5317.83,Flammable
379,Chemical 379,C379H758O,5331.85,Non-Hazardous
380,Chemical 380,C380H760O,5345.88,Non-Hazardous
381,Chemical 381,C381H762O,5359.91,Flammable
382,Chemical 382,C382H764O,5373.93,Non-Hazardous
383,Chemical 383,C383H766O,5387.96,Non-Hazardous
384,Chemical 384,C384H768O,5401.98,Flammable
385,Chemical 385,C385H770O,5416.01,Non-Hazardous
386,Chemical 386,C386H772O,5430.04,Non-Hazardous
387,Chemical 387,C387H774O,5444.06,Flammable
388,Chemical 388,C388H776O,5458.09,Non-Hazardous
389,Chemical 389,C389H778O,5472.11,Non-Hazardous
390,Chemical 390,C390H780O,5486.14,Flammable
391,Chemical 391,C391H782O,5500.17,Non-Hazardous
392,Chemical 392,C392H784O,5514.19,Non-Hazardous
393,Chemical 393,C393H786O,5528.22,Flammable
394,Chemical 394,C394H788O,5542.24,Non-Hazardous
395,Chemical 395,C395H790O,5556.27,Non-Hazardous
396,Chemical 396,C396H792O,5570.3,Flammable
397,Chemical 397,C397H794O,5584.32,Non-Hazardous
398,Chemical 398,C398H796O,5598.35,Non-Hazardous
399,Chemical 399,C399H798O,5612.37,Flammable
400,Chemical 400,C400H800O,5626.4,Non-Hazardous
401,Chemical 401,C401H802O,5640.43,Non-Hazardous
402,Chemical 402,C402H804O,5654.45,Flammable
403,Chemical 403,C403H806O,5668.48,Non-Hazardous
404,Chemical 404,C404H808O,5682.5,Non-Hazardous
405,Chemical 405,C405H810O,5696.53,Flammable
406,Chemical 406,C406H812O,5710.56,Non-Hazardous
407,Chemical 407,C407H814O,5724.58,Non-Hazardous
408,Chemical 408,C408H816O,5738.61,Flammable
409,Chemical 409,C409H818O,5752.63,Non-Hazardous
410,Chemical 410,C410H820O,5766.66,Non-Hazardous
411,Chemical 411,C411H822O,5780.69,Flammable
412,Chemical 412,C412H824O,5794.71,Non-Hazardous
413,Chemical 413,C413H826O,5808.74,Non-Hazardous
414,Chemical 414,C414H828O,5822.76,Flammable
415,Chemical 415,C415H830O,5836.79,Non-Hazardous
416,Chemical 416,C416H832O,5850.82,Non-Hazardous
417,Chemical 417,C417H834O,5864.84,Flammable
418,Chemical 418,C418H836O,5878.87,Non-Hazardous
419,Chemical 419,C419H838O,5892.89,Non-Hazardous
420,Chemical 420,C420H840O,5906.92,Flammable
421,Chemical 421,C421H842O,5920.95,Non-Hazardous
422,Chemical 422,C422H844O,5934.97,Non-Hazardous
423,Chemical 423,C423H846O,5949.0,Flammable
424,Chemical 424,C424H848O,5963.02,Non-Hazardous
425,Chemical 425,C425H850O,5977.05,Non-Hazardous
426,Chemical 426,C426H852O,5991.08,Flammable
427,Chemical 427,C427H854O,6005.1,Non-Hazardous
428,Chemical 428,C428H856O,6019.13,Non-Hazardous
429,Chemical 429,C429H858O,6033.15,Flammable
430,Chemical 430,C430H860O,6047.18,Non-Hazardous
431,Chemical 431,C431H862O,6061.21,Non-Hazardous
432,Chemical 432,C432H864O,6075.23,Flammable
433,Chemical 433,C433H866O,6089.26,Non-Hazardous
434,Chemical 434,C434H868O,6103.28,Non-Hazardous
435,Chemical 435,C435H870O,6117.31,Flammable
436,Chemical 436,C436H872O,6131.34,Non-Hazardous
437,Chemical 437,C437H874O,6145.36,Non-Hazardous
438,Chemical 438,C438H876O,6159.39,Flammable
439,Chemical 439,C439H878O,6173.41,Non-Hazardous
440,Chemical 440,C440H880O,6187.44,Non-Hazardous
441,Chemical 441,C441H882O,6201.47,Flammable
442,Chemical 442,C442H884O,6215.49,Non-Hazardous
443,Chemical 443,C443H886O,6229.52,Non-Hazardous
444,Chemical 444,C444H888O,6243.54,Flammable
445,Chemical 445,C445H890O,6257.57,Non-Hazardous
446,Chemical 446,C446H892O,6271.6,Non-Hazardous
447,Chemical 447,C447H894O,6285.62,Flammable
448,Chemical 448,C448H896O,6299.65,Non-Hazardous
449,Chemical 449,C449H898O,6313.67,Non-Hazardous
450,Chemical 450,C450H900O,6327.7,Flammable
451,Chemical 451,C451H902O,6341.73,Non-Hazardous
452,Chemical 452,C452H904O,6355.75,Non-Hazardous
453,Chemical 453,C453H906O,6369.78,Flammable
454,Chemical 454,C454H908O,6383.8,Non-Hazardous
455,Chemical 455,C455H910O,6397.83,Non-Hazardous
456,Chemical 456,C456H912O,6411.86,Flammable
457,Chemical 457,C457H914O,6425.88,Non-Hazardous
458,Chemical 458,C458H916O,6439.91,Non-Hazardous
459,Chemical 459,C459H918O,6453.93,Flammable
460,Chemical 460,C460H920O,6467.96,Non-Hazardous
461,Chemical 461,C461H922O,6481.99,Non-Hazardous
462,Chemical 462,C462H924O,6496.01,Flammable
463,Chemical 463,C463H926O,6510.04,Non-Hazardous
464,Chemical 464,C464H928O,6524.06,Non-Hazardous
465,Chemical 465,C465H930O,6538.09,Flammable
466,Chemical 466,C466H932O,6552.12,Non-Hazardous
467,Chemical 467,C467H934O,6566.14,Non-Hazardous
468,Chemical 468,C468H936O,6580.17,Flammable
469,Chemical 469,C469H938O,6594.19,Non-Hazardous
470,Chemical 470,C470H940O,6608.22,Non-Hazardous
471,Chemical 471,C471H942O,6622.25,Flammable
472,Chemical 472,C472H944O,6636.27,Non-Hazardous
473,Chemical 473,C473H946O,6650.3,Non-Hazardous
474,Chemical 474,C474H948O,6664.32,Flammable
475,Chemical 475,C475H950O,6678.35,Non-Hazardous
476,Chemical 476,C476H952O,6692.38,Non-Hazardous
477,Chemical 477,C477H954O,6706.4,Flammable
478,Chemical 478,C478H956O,6720.43,Non-Hazardous
479,Chemical 479,C479H958O,6734.45,Non-Hazardous
480,Chemical 480,C480H960O,6748.48,Flammable
481,Chemical 481,C481H962O,6762.51,Non-Hazardous
482,Chemical 482,C482H964O,6776.53,Non-Hazardous
483,Chemical 483,C483H966O,6790.56,Flammable
484,Chemical 484,C484H968O,6804.58,Non-Hazardous
485,Chemical 485,C485H970O,6818.61,Non-Hazardous
486,Chemical 486,C486H972O,6832.64,Flammable
487,Chemical 487,C487H974O,6846.66,Non-Hazardous
488,Chemical 488,C488H976O,6860.69,Non-Hazardous
489,Chemical 489,C489H978O,6874.71,Flammable
490,Chemical 490,C490H980O,6888.74,Non-Hazardous
491,Chemical 491,C491H982O,6902.77,Non-Hazardous
492,Chemical 492,C492H984O,6916.79,Flammable
493,Chemical 493,C493H986O,6930.82,Non-Hazardous
494,Chemical 494,C494H988O,6944.84,Non-Hazardous
495,Chemical 495,C495H990O,6958.87,Flammable
496,Chemical 496,C496H992O,6972.9,Non-Hazardous
497,Chemical 497,C497H994O,6986.92,Non-Hazardous
498,Chemical 498,C498H996O,7000.95,Flammable
499,Chemical 499,C499H998O,7014.97,Non-Hazardous
500,Chemical 500,C500H1000O,7029.0,Non-Hazardous
